PRAGMA foreign_keys=OFF;
BEGIN TRANSACTION;
CREATE TABLE IF NOT EXISTS "django_migrations" ("id" integer NOT NULL PRIMARY KEY AUTOINCREMENT, "app" varchar(255) NOT NULL, "name" varchar(255) NOT NULL, "applied" datetime NOT NULL);
CREATE TABLE IF NOT EXISTS "django_content_type" ("id" integer NOT NULL PRIMARY KEY AUTOINCREMENT, "app_label" varchar(100) NOT NULL, "model" varchar(100) NOT NULL);

CREATE TABLE IF NOT EXISTS "auth_group_permissions" ("id" integer NOT NULL PRIMARY KEY AUTOINCREMENT, "group_id" integer NOT NULL REFERENCES "auth_group" ("id") DEFERRABLE INITIALLY DEFERRED, "permission_id" integer NOT NULL REFERENCES "auth_permission" ("id") DEFERRABLE INITIALLY DEFERRED);
CREATE TABLE IF NOT EXISTS "auth_permission" ("id" integer NOT NULL PRIMARY KEY AUTOINCREMENT, "content_type_id" integer NOT NULL REFERENCES "django_content_type" ("id") DEFERRABLE INITIALLY DEFERRED, "codename" varchar(100) NOT NULL, "name" varchar(255) NOT NULL);

CREATE TABLE IF NOT EXISTS "auth_group" ("id" integer NOT NULL PRIMARY KEY AUTOINCREMENT, "name" varchar(150) NOT NULL UNIQUE);
CREATE TABLE IF NOT EXISTS "accounts_shopper" ("id" integer NOT NULL PRIMARY KEY AUTOINCREMENT, "password" varchar(128) NOT NULL, "last_login" datetime NULL, "is_superuser" bool NOT NULL, "username" varchar(150) NOT NULL UNIQUE, "first_name" varchar(150) NOT NULL, "last_name" varchar(150) NOT NULL, "email" varchar(254) NOT NULL, "is_staff" bool NOT NULL, "is_active" bool NOT NULL, "date_joined" datetime NOT NULL);
INSERT INTO accounts_shopper VALUES(1,'pbkdf2_sha256$600000$hHwLdfbOcBAK6qbv3GrEDM$2HwtW/H6fMaetLe+PlxhS0osAcXuaECkoFx4lJYg13s=','2023-08-09 13:45:51.250917',1,'akemi','','','',1,1,'2023-08-09 13:45:31.641792');
CREATE TABLE IF NOT EXISTS "accounts_shopper_groups" ("id" integer NOT NULL PRIMARY KEY AUTOINCREMENT, "shopper_id" bigint NOT NULL REFERENCES "accounts_shopper" ("id") DEFERRABLE INITIALLY DEFERRED, "group_id" integer NOT NULL REFERENCES "auth_group" ("id") DEFERRABLE INITIALLY DEFERRED);
CREATE TABLE IF NOT EXISTS "accounts_shopper_user_permissions" ("id" integer NOT NULL PRIMARY KEY AUTOINCREMENT, "shopper_id" bigint NOT NULL REFERENCES "accounts_shopper" ("id") DEFERRABLE INITIALLY DEFERRED, "permission_id" integer NOT NULL REFERENCES "auth_permission" ("id") DEFERRABLE INITIALLY DEFERRED);
CREATE TABLE IF NOT EXISTS "django_admin_log" ("id" integer NOT NULL PRIMARY KEY AUTOINCREMENT, "object_id" text NULL, "object_repr" varchar(200) NOT NULL, "action_flag" smallint unsigned NOT NULL CHECK ("action_flag" >= 0), "change_message" text NOT NULL, "content_type_id" integer NULL REFERENCES "django_content_type" ("id") DEFERRABLE INITIALLY DEFERRED, "user_id" bigint NOT NULL REFERENCES "accounts_shopper" ("id") DEFERRABLE INITIALLY DEFERRED, "action_time" datetime NOT NULL);
INSERT INTO django_admin_log VALUES(1,'1','Converse',1,'[{"added": {}}]',9,1,'2023-08-09 13:54:03.267000');
INSERT INTO django_admin_log VALUES(2,'1','Converse',2,'[]',9,1,'2023-08-09 13:54:06.393745');
INSERT INTO django_admin_log VALUES(3,'2','Air Jordan 2',1,'[{"added": {}}]',9,1,'2023-08-09 13:55:29.593392');
INSERT INTO django_admin_log VALUES(4,'2','Air Jordan 2',2,'[]',9,1,'2023-08-09 13:55:35.029207');
INSERT INTO django_admin_log VALUES(5,'1','Converse',2,'[{"changed": {"fields": ["Image"]}}]',9,1,'2023-08-09 13:56:06.368162');
INSERT INTO django_admin_log VALUES(6,'1','Converse',2,'[]',9,1,'2023-08-09 13:56:32.432100');
INSERT INTO django_admin_log VALUES(7,'3','NovaFlex',1,'[{"added": {}}]',9,1,'2023-08-09 13:58:05.724556');
INSERT INTO django_admin_log VALUES(8,'4','RetroChic',1,'[{"added": {}}]',9,1,'2023-08-09 13:59:24.816444');
INSERT INTO django_admin_log VALUES(9,'1','Vetements',2,'[{"changed": {"fields": ["Category name"]}}]',6,1,'2023-08-09 15:35:23.369981');
CREATE TABLE IF NOT EXISTS "django_session" ("session_key" varchar(40) NOT NULL PRIMARY KEY, "session_data" text NOT NULL, "expire_date" datetime NOT NULL);
INSERT INTO django_session VALUES('1iufl8cbpwa13jnjqys3xr5so06f9i9u','.eJxVjEEOwiAQRe_C2hCYUmBcuvcMBJhBqoYmpV0Z765NutDtf-_9lwhxW2vYOi9hInEWWpx-txTzg9sO6B7bbZZ5busyJbkr8qBdXmfi5-Vw_w5q7PVbc8HiFTutDBMpNBHAalIFkBlT0V5lVmAtjt46zAhmSONQjNPZZEji_QHiCDeA:1qTjVX:QBdFzrgKZAQaYoXQQb51MH6mKrOEwnxylbuIkEV2VlA','2023-08-23 13:45:51.342362');
CREATE TABLE IF NOT EXISTS "store_order" ("id" integer NOT NULL PRIMARY KEY AUTOINCREMENT, "payment_details" real NOT NULL, "order_date" date NULL, "status" bool NOT NULL, "client_id" bigint NOT NULL REFERENCES "accounts_shopper" ("id") DEFERRABLE INITIALLY DEFERRED);
CREATE TABLE IF NOT EXISTS "store_product" ("id" integer NOT NULL PRIMARY KEY AUTOINCREMENT, "product_name" varchar(45) NOT NULL, "reference" text NOT NULL, "price" real NOT NULL, "stock" integer NOT NULL, "description" text NOT NULL, "image" varchar(100) NULL, "category_id" bigint NOT NULL REFERENCES "store_category" ("id") DEFERRABLE INITIALLY DEFERRED);
CREATE TABLE IF NOT EXISTS "store_orderdetail" ("id" integer NOT NULL PRIMARY KEY AUTOINCREMENT, "quantity" varchar(45) NULL, "unit_price" varchar(45) NULL, "order_id" bigint NOT NULL REFERENCES "store_order" ("id") DEFERRABLE INITIALLY DEFERRED, "product_id" bigint NOT NULL REFERENCES "store_product" ("id") DEFERRABLE INITIALLY DEFERRED);
CREATE TABLE IF NOT EXISTS "store_invoicedetail" ("id" integer NOT NULL PRIMARY KEY AUTOINCREMENT, "unit_price" integer NOT NULL, "quantity" integer NOT NULL, "invoice_id" bigint NOT NULL REFERENCES "store_invoice" ("id") DEFERRABLE INITIALLY DEFERRED);
CREATE TABLE IF NOT EXISTS "store_invoice" ("id" integer NOT NULL PRIMARY KEY AUTOINCREMENT, "total_amount" varchar(45) NULL, "invoice_date" date NULL, "order_id" bigint NOT NULL REFERENCES "store_order" ("id") DEFERRABLE INITIALLY DEFERRED);
CREATE TABLE IF NOT EXISTS "store_cart" ("id" integer NOT NULL PRIMARY KEY AUTOINCREMENT, "total_price" real NULL, "client_id" bigint NOT NULL REFERENCES "accounts_shopper" ("id") DEFERRABLE INITIALLY DEFERRED);
CREATE TABLE IF NOT EXISTS "store_cart_orders" ("id" integer NOT NULL PRIMARY KEY AUTOINCREMENT, "cart_id" bigint NOT NULL REFERENCES "store_cart" ("id") DEFERRABLE INITIALLY DEFERRED, "order_id" bigint NOT NULL REFERENCES "store_order" ("id") DEFERRABLE INITIALLY DEFERRED);
CREATE TABLE IF NOT EXISTS "store_category" ("id" integer NOT NULL PRIMARY KEY AUTOINCREMENT, "category_name" varchar(45) NOT NULL, "description" text NOT NULL, "show" bool NOT NULL, "productLen" integer NOT NULL);
DELETE FROM sqlite_sequence;

CREATE UNIQUE INDEX "django_content_type_app_label_model_76bd3d3b_uniq" ON "django_content_type" ("app_label", "model");
CREATE UNIQUE INDEX "auth_group_permissions_group_id_permission_id_0cd325b0_uniq" ON "auth_group_permissions" ("group_id", "permission_id");
CREATE INDEX "auth_group_permissions_group_id_b120cbf9" ON "auth_group_permissions" ("group_id");
CREATE INDEX "auth_group_permissions_permission_id_84c5c92e" ON "auth_group_permissions" ("permission_id");
CREATE UNIQUE INDEX "auth_permission_content_type_id_codename_01ab375a_uniq" ON "auth_permission" ("content_type_id", "codename");
CREATE INDEX "auth_permission_content_type_id_2f476e4b" ON "auth_permission" ("content_type_id");
CREATE UNIQUE INDEX "accounts_shopper_groups_shopper_id_group_id_81387419_uniq" ON "accounts_shopper_groups" ("shopper_id", "group_id");
CREATE INDEX "accounts_shopper_groups_shopper_id_b0fc95fd" ON "accounts_shopper_groups" ("shopper_id");
CREATE INDEX "accounts_shopper_groups_group_id_e3f091d4" ON "accounts_shopper_groups" ("group_id");
CREATE UNIQUE INDEX "accounts_shopper_user_permissions_shopper_id_permission_id_53b66cc3_uniq" ON "accounts_shopper_user_permissions" ("shopper_id", "permission_id");
CREATE INDEX "accounts_shopper_user_permissions_shopper_id_1f93d8af" ON "accounts_shopper_user_permissions" ("shopper_id");
CREATE INDEX "accounts_shopper_user_permissions_permission_id_0d51f125" ON "accounts_shopper_user_permissions" ("permission_id");
CREATE INDEX "django_admin_log_content_type_id_c4bce8eb" ON "django_admin_log" ("content_type_id");
CREATE INDEX "django_admin_log_user_id_c564eba6" ON "django_admin_log" ("user_id");
CREATE INDEX "django_session_expire_date_a5c62663" ON "django_session" ("expire_date");
CREATE INDEX "store_order_client_id_fa783a34" ON "store_order" ("client_id");
CREATE INDEX "store_product_category_id_574bae65" ON "store_product" ("category_id");
CREATE INDEX "store_orderdetail_order_id_97a32c77" ON "store_orderdetail" ("order_id");
CREATE INDEX "store_orderdetail_product_id_ca3e983e" ON "store_orderdetail" ("product_id");
CREATE INDEX "store_invoicedetail_invoice_id_828ee204" ON "store_invoicedetail" ("invoice_id");
CREATE INDEX "store_invoice_order_id_d082c03c" ON "store_invoice" ("order_id");
CREATE INDEX "store_cart_client_id_b7fb3f0d" ON "store_cart" ("client_id");
CREATE UNIQUE INDEX "store_cart_orders_cart_id_order_id_a1c5cc0e_uniq" ON "store_cart_orders" ("cart_id", "order_id");
CREATE INDEX "store_cart_orders_cart_id_22f6138e" ON "store_cart_orders" ("cart_id");
CREATE INDEX "store_cart_orders_order_id_5cd21146" ON "store_cart_orders" ("order_id");
COMMIT;
ERROR: extra parameter: "SELECT".  Usage:
.output ?FILE?           Send output to FILE or stdout if FILE is omitted
   If FILE begins with '|' then open it as a pipe.
   Options:
     --bom                 Prefix output with a UTF8 byte-order mark
     -e                    Send output to the system text editor
     -x                    Send output as CSV to a spreadsheet
INSERT INTO django_migrations VALUES(1,'contenttypes','0001_initial','2023-08-09 13:36:45.026155');
INSERT INTO django_migrations VALUES(2,'contenttypes','0002_remove_content_type_name','2023-08-09 13:36:45.120759');
INSERT INTO django_migrations VALUES(3,'auth','0001_initial','2023-08-09 13:36:45.347051');
INSERT INTO django_migrations VALUES(4,'auth','0002_alter_permission_name_max_length','2023-08-09 13:36:45.437520');
INSERT INTO django_migrations VALUES(5,'auth','0003_alter_user_email_max_length','2023-08-09 13:36:45.576063');
INSERT INTO django_migrations VALUES(6,'auth','0004_alter_user_username_opts','2023-08-09 13:36:45.659626');
INSERT INTO django_migrations VALUES(7,'auth','0005_alter_user_last_login_null','2023-08-09 13:36:45.747301');
INSERT INTO django_migrations VALUES(8,'auth','0006_require_contenttypes_0002','2023-08-09 13:36:45.809682');
INSERT INTO django_migrations VALUES(9,'auth','0007_alter_validators_add_error_messages','2023-08-09 13:36:45.879489');
INSERT INTO django_migrations VALUES(10,'auth','0008_alter_user_username_max_length','2023-08-09 13:36:45.946181');
INSERT INTO django_migrations VALUES(11,'auth','0009_alter_user_last_name_max_length','2023-08-09 13:36:46.014732');
INSERT INTO django_migrations VALUES(12,'auth','0010_alter_group_name_max_length','2023-08-09 13:36:46.103590');
INSERT INTO django_migrations VALUES(13,'auth','0011_update_proxy_permissions','2023-08-09 13:36:46.254960');
INSERT INTO django_migrations VALUES(14,'auth','0012_alter_user_first_name_max_length','2023-08-09 13:36:46.336715');
INSERT INTO django_migrations VALUES(15,'accounts','0001_initial','2023-08-09 13:36:46.563527');
INSERT INTO django_migrations VALUES(16,'admin','0001_initial','2023-08-09 13:36:46.709237');
INSERT INTO django_migrations VALUES(17,'admin','0002_logentry_remove_auto_add','2023-08-09 13:36:46.805428');
INSERT INTO django_migrations VALUES(18,'admin','0003_logentry_add_action_flag_choices','2023-08-09 13:36:46.930241');
INSERT INTO django_migrations VALUES(19,'sessions','0001_initial','2023-08-09 13:36:47.121669');
INSERT INTO django_migrations VALUES(20,'store','0001_initial','2023-08-09 13:36:47.344983');
INSERT INTO django_migrations VALUES(21,'store','0002_rename_afficher_category_show_category_productlen','2023-08-09 13:36:47.430786');
INSERT INTO sqlite_sequence VALUES('django_migrations',21);
INSERT INTO sqlite_sequence VALUES('django_content_type',13);
INSERT INTO sqlite_sequence VALUES('auth_permission',52);
INSERT INTO sqlite_sequence VALUES('auth_group',0);
INSERT INTO sqlite_sequence VALUES('django_admin_log',9);
INSERT INTO sqlite_sequence VALUES('store_invoice',0);
INSERT INTO sqlite_sequence VALUES('store_category',10);
INSERT INTO sqlite_sequence VALUES('accounts_shopper',1);
INSERT INTO sqlite_sequence VALUES('store_product',4);

INSERT INTO django_content_type VALUES(1,'admin','logentry');
INSERT INTO django_content_type VALUES(2,'auth','permission');
INSERT INTO django_content_type VALUES(3,'auth','group');
INSERT INTO django_content_type VALUES(4,'contenttypes','contenttype');
INSERT INTO django_content_type VALUES(5,'sessions','session');
INSERT INTO django_content_type VALUES(6,'store','category');
INSERT INTO django_content_type VALUES(7,'store','invoice');
INSERT INTO django_content_type VALUES(8,'store','order');
INSERT INTO django_content_type VALUES(9,'store','product');
INSERT INTO django_content_type VALUES(10,'store','orderdetail');
INSERT INTO django_content_type VALUES(11,'store','invoicedetail');
INSERT INTO django_content_type VALUES(12,'store','cart');
INSERT INTO django_content_type VALUES(13,'accounts','shopper');
INSERT INTO auth_permission VALUES(1,1,'add_logentry','Can add log entry');
INSERT INTO auth_permission VALUES(2,1,'change_logentry','Can change log entry');
INSERT INTO auth_permission VALUES(3,1,'delete_logentry','Can delete log entry');
INSERT INTO auth_permission VALUES(4,1,'view_logentry','Can view log entry');
INSERT INTO auth_permission VALUES(5,2,'add_permission','Can add permission');
INSERT INTO auth_permission VALUES(6,2,'change_permission','Can change permission');
INSERT INTO auth_permission VALUES(7,2,'delete_permission','Can delete permission');
INSERT INTO auth_permission VALUES(8,2,'view_permission','Can view permission');
INSERT INTO auth_permission VALUES(9,3,'add_group','Can add group');
INSERT INTO auth_permission VALUES(10,3,'change_group','Can change group');
INSERT INTO auth_permission VALUES(11,3,'delete_group','Can delete group');
INSERT INTO auth_permission VALUES(12,3,'view_group','Can view group');
INSERT INTO auth_permission VALUES(13,4,'add_contenttype','Can add content type');
INSERT INTO auth_permission VALUES(14,4,'change_contenttype','Can change content type');
INSERT INTO auth_permission VALUES(15,4,'delete_contenttype','Can delete content type');
INSERT INTO auth_permission VALUES(16,4,'view_contenttype','Can view content type');
INSERT INTO auth_permission VALUES(17,5,'add_session','Can add session');
INSERT INTO auth_permission VALUES(18,5,'change_session','Can change session');
INSERT INTO auth_permission VALUES(19,5,'delete_session','Can delete session');
INSERT INTO auth_permission VALUES(20,5,'view_session','Can view session');
INSERT INTO auth_permission VALUES(21,6,'add_category','Can add Categorie');
INSERT INTO auth_permission VALUES(22,6,'change_category','Can change Categorie');
INSERT INTO auth_permission VALUES(23,6,'delete_category','Can delete Categorie');
INSERT INTO auth_permission VALUES(24,6,'view_category','Can view Categorie');
INSERT INTO auth_permission VALUES(25,7,'add_invoice','Can add Facture');
INSERT INTO auth_permission VALUES(26,7,'change_invoice','Can change Facture');
INSERT INTO auth_permission VALUES(27,7,'delete_invoice','Can delete Facture');
INSERT INTO auth_permission VALUES(28,7,'view_invoice','Can view Facture');
INSERT INTO auth_permission VALUES(29,8,'add_order','Can add Commande');
INSERT INTO auth_permission VALUES(30,8,'change_order','Can change Commande');
INSERT INTO auth_permission VALUES(31,8,'delete_order','Can delete Commande');
INSERT INTO auth_permission VALUES(32,8,'view_order','Can view Commande');
INSERT INTO auth_permission VALUES(33,9,'add_product','Can add Produit');
INSERT INTO auth_permission VALUES(34,9,'change_product','Can change Produit');
INSERT INTO auth_permission VALUES(35,9,'delete_product','Can delete Produit');
INSERT INTO auth_permission VALUES(36,9,'view_product','Can view Produit');
INSERT INTO auth_permission VALUES(37,10,'add_orderdetail','Can add Detail de commande');
INSERT INTO auth_permission VALUES(38,10,'change_orderdetail','Can change Detail de commande');
INSERT INTO auth_permission VALUES(39,10,'delete_orderdetail','Can delete Detail de commande');
INSERT INTO auth_permission VALUES(40,10,'view_orderdetail','Can view Detail de commande');
INSERT INTO auth_permission VALUES(41,11,'add_invoicedetail','Can add Detail de Facture');
INSERT INTO auth_permission VALUES(42,11,'change_invoicedetail','Can change Detail de Facture');
INSERT INTO auth_permission VALUES(43,11,'delete_invoicedetail','Can delete Detail de Facture');
INSERT INTO auth_permission VALUES(44,11,'view_invoicedetail','Can view Detail de Facture');
INSERT INTO auth_permission VALUES(45,12,'add_cart','Can add Panier');
INSERT INTO auth_permission VALUES(46,12,'change_cart','Can change Panier');
INSERT INTO auth_permission VALUES(47,12,'delete_cart','Can delete Panier');
INSERT INTO auth_permission VALUES(48,12,'view_cart','Can view Panier');
INSERT INTO auth_permission VALUES(49,13,'add_shopper','Can add user');
INSERT INTO auth_permission VALUES(50,13,'change_shopper','Can change user');
INSERT INTO auth_permission VALUES(51,13,'delete_shopper','Can delete user');
INSERT INTO auth_permission VALUES(52,13,'view_shopper','Can view user');

INSERT INTO store_category VALUES(1,'Vetements','Catégorie de vêtements comprenant une variété de styles, de tailles et de designs.',1,0);
INSERT INTO store_category VALUES(2,'Chaussures','Catégorie de chaussures comprenant des chaussures pour hommes, femmes et enfants dans différents styles et tailles.',1,0);
INSERT INTO store_category VALUES(3,'Accessoires','Catégorie d''accessoires comprenant des articles tels que des sacs, des bijoux, des ceintures et plus encore.',1,0);
INSERT INTO store_category VALUES(4,'Électronique','Catégorie d''électronique comprenant une large gamme de produits tels que des téléphones, des ordinateurs, des appareils audio et plus encore.',1,0);
INSERT INTO store_category VALUES(5,'Alimentation','Catégorie d''alimentation comprenant des produits alimentaires de différentes catégories, des produits frais aux produits emballés.',1,0);
INSERT INTO store_category VALUES(6,'Santé et beauté','Catégorie de santé et de beauté comprenant des produits de soins personnels, de maquillage, de soins de la peau et plus encore.',1,0);
INSERT INTO store_category VALUES(7,'Maison et jardin','Catégorie de maison et de jardin comprenant des articles pour la maison tels que des meubles, des décorations, des ustensiles de cuisine et plus encore.',1,0);
INSERT INTO store_category VALUES(8,'Sports et loisirs','Catégorie de sports et de loisirs comprenant des articles liés aux sports, aux activités de plein air, aux jeux et plus encore.',1,0);
INSERT INTO store_category VALUES(9,'Livres et médias','Catégorie de livres et de médias comprenant une variété de livres, de films, de musique et de contenu multimédia.',1,0);
INSERT INTO store_category VALUES(10,'Autres','Catégorie pour les articles qui ne rentrent pas dans les catégories précédentes, offrant une diversité d''options.',1,0);

INSERT INTO store_product VALUES(1,'Converse','1_Co',140.0,42,'Soyez prêt à impressionner avec ces chaussures élégantes. Fabriquées à partir de cuir véritable et dotées d''une semelle en caoutchouc résistante, ces chaussures allient confort et style pour toutes les occasions.','img/4.jpg',2);
INSERT INTO store_product VALUES(2,'Air Jordan 2','2_Ai',450.0,75,'Découvrez le summum du confort avec nos nouvelles baskets légères. Leur semelle intérieure ergonomique et leur design aéré garantissent une marche sans effort, que ce soit pour une randonnée en plein air ou une journée en ville','img/6.jpg',2);
INSERT INTO store_product VALUES(3,'NovaFlex','None_No',449.99000000000000908,24,'Les chaussures de randonnée ultimes pour les aventuriers intrépides. Leur construction résistante à l''eau et leur semelle crantée offrent une adhérence supérieure sur les terrains les plus difficiles, vous permettant d''explorer la nature en toute confiance.','img/5.jpg',2);
INSERT INTO store_product VALUES(4,'RetroChic','None_Re',249.9900000000000091,42,'Faites sensation à chaque pas avec ces talons hauts en cuir verni. Leur design élégant et leur couleur vive ajoutent une touche de glamour à vos tenues de soirée, attirant tous les regards sur vous','img/2.jpg',2);
